question_id,human_winner,confidence,notes
1,A,high,Manual review favored groundedness and direct policy support.
2,A,high,Manual review favored groundedness and direct policy support.
3,tie,medium,Manual review favored groundedness and direct policy support.
4,A,high,Manual review favored groundedness and direct policy support.
5,tie,medium,Manual review favored groundedness and direct policy support.
6,A,high,Manual review favored groundedness and direct policy support.
7,tie,low,Manual review favored groundedness and direct policy support.
8,A,high,Manual review favored groundedness and direct policy support.
9,A,medium,Manual review favored groundedness and direct policy support.
10,tie,medium,Manual review favored groundedness and direct policy support.
